,MinC,MaxC,T
Axis #1,1.3668167403665996,3.317245890986718,5
Axis #2,8.590186233851838,12.91428817130272,5
Axis #3,5.278418329377467,9.530120953409265,5
Axis #4,1.4569957419344008,2.4732945579499406,5
Axis #5,3.126726421563738,4.128810391210782,5
Axis #6,0.5185526393905259,2.433063215736193,5
Axis #7,1.2798152430157963,7.211608870176529,5
Axis #8,-0.05810261590793615,-0.05802086884914254,5
